{
  "height": 58.7439613527,
  "id": 10751908857,
  "width": 301.9645732689,
  "x": 317.423510467,
  "y": 56.6827697262,
  "z": 4000
}