{
  "height": 39.9014778325,
  "id": 10751908856,
  "width": 400.7881773399,
  "x": 433.5960591133,
  "y": 0,
  "z": 3000
}