{
  "height": 58.743961352657,
  "id": 10751908863,
  "tabOrder": 4000,
  "width": 301.96457326892107,
  "x": 317.42351046698872,
  "y": 56.682769726247983,
  "z": 4000
}