{
  "height": 45.454545454545453,
  "id": 10751908860,
  "tabOrder": 2000,
  "width": 41.818181818181813,
  "x": 36.36363636363636,
  "y": 2.7272727272727271,
  "z": 2000
}