{
  "height": 603.9291465378,
  "id": 10751908864,
  "width": 1264.5410628019,
  "x": 7.2141706924,
  "y": 115.4267310789,
  "z": 5000
}