{
  "height": 44.3349753695,
  "id": 10751908855,
  "width": 1280.39408867,
  "x": 0,
  "y": 0.8866995074,
  "z": 1000
}