{
  "height": 44.334975369458128,
  "id": 10751908861,
  "tabOrder": 1000,
  "width": 1280.3940886699509,
  "x": 0,
  "y": 0.88669950738916259,
  "z": 1000
}