{
  "height": 39.901477832512313,
  "id": 10751908862,
  "tabOrder": 3000,
  "width": 400.78817733990149,
  "x": 433.5960591133005,
  "y": 0,
  "z": 3000
}