{
  "height": 45.4545454545,
  "id": 10751908860,
  "width": 41.8181818182,
  "x": 36.3636363636,
  "y": 2.7272727273,
  "z": 2000
}