{
  "height": 58.7439613527,
  "id": 10751908859,
  "width": 301.9645732689,
  "x": 15.4589371981,
  "y": 56.6827697262,
  "z": 6000
}