{
  "height": 58.743961352657,
  "id": 10751908865,
  "tabOrder": 6000,
  "width": 301.96457326892107,
  "x": 15.458937198067632,
  "y": 56.682769726247983,
  "z": 6000
}