{
  "height": 604.3401759531,
  "id": 10751908858,
  "width": 1264.9853372434,
  "x": 15.0146627566,
  "y": 115.4252199413,
  "z": 5000
}