{
  "height": 603.92914653784214,
  "id": 10751908864,
  "tabOrder": 5000,
  "width": 1264.5410628019324,
  "x": 7.2141706924315621,
  "y": 115.426731078905,
  "z": 5000
}